{
    "states": [{
        "id": 1,
        "is_initial_state": true,
        "type": "alert",
        "title": {
            "key": "TOS_AND_PP_TITLE",
            "replacements": ["<APP_NAME>"]
        },
        "message": {
            "key": "TOS_AND_PP_MESSAGE"
        },
        "transitions": [{
            "title": {
                "key": "AGREE_TO_TERMS_BUTTON_TITLE"
            },
            "style": "default",
            "destination_state_id": 99,
            "event": "tos_ok"
        }]
    }, {
        "id": 10,
        "type": "tos"
    }, {
        "id": 11,
        "type": "pp"
    }, {
        "id": 12,
        "type": "huc",
        "destination_state_id": 99
    }, {
        "id": 99,
        "type": "reinit"
    }]
}
